y_fine,U_scaled
-7.91347624061279,0.999055292503849
-7.818015033768756,0.9990366482519775
-7.72255382692472,0.9990177368432436
-7.627092620080686,0.9989985567847791
-7.53163141323665,0.9989791066265064
-7.436170206392616,0.9989593849621586
-7.340708999548581,0.9989393904302932
-7.245247792704547,0.9989191217152902
-7.149786585860512,0.9988985775483418
-7.054325379016477,0.9988777567084274
-6.958864172172443,0.9988566580232769
-6.863402965328407,0.9988352803703183
-6.767941758484373,0.998813622677611
-6.672480551640337,0.9987916839247637
-6.577019344796303,0.9987694631438352
-6.481558137952268,0.9987469594202187
-6.3860969311082325,0.9987241718935076
-6.290635724264198,0.9987010997583436
-6.195174517420164,0.9986777422652443
-6.099713310576128,0.9986540987214111
-6.004252103732094,0.9986301684915171
-5.90879089688806,0.9986059509984727
-5.813329690044025,0.9985814457241695
-5.7178684831999895,0.998556652210201
-5.622407276355955,0.9985315700585604
-5.5269460695119195,0.9985061989323137
-5.431484862667885,0.9984805385562492
-5.33602365582385,0.9984545887175
-5.240562448979815,0.9984283492661428
-5.145101242135781,0.998401820115767
-5.049640035291746,0.9983750012440209
-4.954178828447711,0.9983478926931271
-4.8587176216036765,0.9983204945703708
-4.763256414759641,0.9982928070485599
-4.667795207915606,0.9982648303664551
-4.572334001071571,0.998236564829172
-4.476872794227537,0.9982080108085511
-4.381411587383502,0.9981791687434995
-4.285950380539467,0.9981500391403001
-4.190489173695433,0.99812062257289
-4.095027966851397,0.9980909196831093
-3.9995667600073626,0.9980609311809138
-3.904105553163328,0.9980306578445605
-3.8086443463192934,0.9980001005207566
-3.7131831394752584,0.9979692601247777
-3.6177219326312233,0.9979381376405534
-3.5222607257871887,0.9979067341207182
-3.4267995189431537,0.99787505068663
-3.331338312099119,0.9978430885283551
-3.2358771052550845,0.9978108489046192
-3.1404158984110495,0.9977783331427252
-3.0449546915670145,0.9977455426384363
-2.94949348472298,0.9977124788558258
-2.854032277878945,0.9976791433270933
-2.75857107103491,0.9976455376523454
-2.663109864190875,0.9976116634993453
-2.5676486573468402,0.9975775226032251
-2.472187450502805,0.9975431167661677
-2.3767262436587715,0.9975084478570524
-2.2812650368147365,0.9974735178110681
-2.1858038299707014,0.9974383286292937
-2.090342623126667,0.9974028823782438
-1.9948814162826318,0.9973671811893828
-1.8994202094385968,0.9973312272586053
-1.803959002594562,0.9972950228456847
-1.7084977957505272,0.9972585702736889
-1.6130365889064922,0.997221871928365
-1.5175753820624573,0.9971849302574908
-1.4221141752184223,0.9971477477701974
-1.3266529683743875,0.997110327036259
-1.2311917615303525,0.9970726706853533
-1.1357305546863188,0.9970347814062908
-1.040269347842284,0.9969966619462161
-0.944808140998249,0.9969583151097792
-0.849346934154214,0.9969197437582776
-0.7538857273101791,0.9968809508087719
-0.6584245204661443,0.9968419392331722
-0.5629633136221094,0.9968027120572982
-0.46750210677807447,0.9967632723599132
-0.37204089993403955,0.9967236232717317
-0.27657969309000463,0.9966837679744021
-0.18111848624596974,0.9966437096994637
-0.08565727940193484,0.996603451727282
0.009803927442100076,0.9965629973859575
0.10526513428613385,0.9965223500502155
0.20072634113016874,0.9964815131402698
0.29618754797420366,0.9964404901206686
0.3916487548182386,0.9963992844991182
0.48710996166227344,0.9963578998252863
0.5825711685063084,0.9963163396895878
0.6780323753503432,0.9962746077219504
0.7734935821943781,0.9962327075905637
0.8689547890384131,0.9961906430006116
0.964415995882448,0.996148417692986
1.059877202726483,0.9961060354429898
1.1553384095705177,0.9960635000590207
1.2507996164145516,0.9960208153812433
1.3462608232585864,0.9959779852802487
1.4417220301026215,0.9959350136557005
1.5371832369466563,0.9958919044349699
1.6326444437906913,0.9958486615717603
1.728105650634726,0.9958052890447228
1.823566857478761,0.9957617908560599
1.919028064322796,0.9957181710301249
2.014489271166831,0.995674433612011
2.1099504780108655,0.9956305826661345
2.2054116848549006,0.9955866222748119
2.3008728916989356,0.9955425565368339
2.3963340985429706,0.9954983895660316
2.4917953053870043,0.995454125489843
2.5872565122310403,0.9954097684478735
2.682717719075074,0.9953653225904577
2.77817892591911,0.9953207920772174
2.873640132763144,0.9952761810756204
2.96910133960718,0.9952314937595403
3.0645625464512136,0.9951867343078167
3.1600237532952473,0.9951419069028171
3.2554849601392832,0.9950970157290024
3.3509461669833174,0.9950520649714958
3.4464073738273533,0.9950070588146543
3.541868580671387,0.9949620014406471
3.637329787515423,0.9949168970280384
3.7327909943594566,0.9948717497503774
3.828252201203493,0.9948265637747934
3.9237134080475267,0.9947813432606016
4.019174614891563,0.9947360923579142
4.114635821735597,0.9946908152062622
4.210097028579632,0.9946455159332273
4.305558235423666,0.994600198653082
4.4010194422677,0.9945548674654432
4.496480649111736,0.9945095264539354
4.59194185595577,0.9944641796848671
4.687403062799806,0.9944188312059197
4.78286426964384,0.9943734850448497
4.878325476487876,0.9943281452082047
4.97378668333191,0.9942828156800548
5.069247890175945,0.9942375004207372
5.164709097019979,0.9941922033656191
5.260170303864015,0.9941469284238733
5.355631510708049,0.9941016794772745
5.451092717552085,0.9940564603790086
5.546553924396119,0.9940112749525033
5.642015131240153,0.9939661269902743
5.737476338084189,0.9939210202527912
5.832937544928223,0.9938759584673633
5.928398751772258,0.9938309453270427
6.023859958616292,0.9937859844895496
6.119321165460328,0.993741079576217
6.214782372304362,0.9936962341709569
6.310243579148398,0.9936514518192461
6.405704785992432,0.9936067360271362
6.501165992836468,0.9935620902602841
6.596627199680501,0.9935175179430045
6.692088406524538,0.9934730224573469
6.787549613368571,0.9934286071421947
6.883010820212605,0.9933842752923875
6.978472027056641,0.9933400301578681
7.073933233900675,0.9932958749428537
7.169394440744711,0.9932518128050308
7.264855647588745,0.9932078468547767
7.360316854432781,0.9931639801544032
7.455778061276814,0.9931202157174294
7.551239268120851,0.9930765565078771
7.646700474964884,0.9930330054395944
7.742161681808921,0.9929895653756041
7.837622888652954,0.99294623912748
7.933084095496991,0.9929030294547483
8.028545302341024,0.9928599390643178
8.124006509185058,0.9928169706099366
8.219467716029094,0.9927741266916751
8.314928922873127,0.9927314098554392
8.410390129717165,0.9926888225925087
8.505851336561198,0.9926463673391055
8.601312543405234,0.9926040464759899
8.696773750249267,0.9925618623280839
8.792234957093303,0.9925198171641245
8.887696163937337,0.992477913196345
8.983157370781374,0.9924361525801855
9.078618577625408,0.9923945374140304
9.174079784469443,0.9923530697389792
9.269540991313477,0.9923117515386405
9.36500219815751,0.9922705847389605
9.460463405001546,0.9922295712080771
9.55592461184558,0.9921887127562051
9.651385818689617,0.99214801113555
9.74684702553365,0.9921074680402502
9.842308232377686,0.9920670851063507
9.93776943922172,0.9920268639118035
10.033230646065755,0.9919868059764992
10.128691852909789,0.9919469127623263
10.224153059753826,0.9919071856732595
10.31961426659786,0.991867626055479
10.415075473441894,0.991828235197516
10.510536680285929,0.991789014330428
10.605997887129963,0.9917499646280037
10.701459093974,0.9917110872069935
10.796920300818034,0.9916723831273719
10.89238150766207,0.991633853392624
10.987842714506103,0.9915954989500625
11.083303921350138,0.9915573206911713
11.178765128194172,0.9915193194519756
11.27422633503821,0.9914814960134393
11.369687541882243,0.99144385110189
11.465148748726278,0.9914063853894681
11.560609955570312,0.9913690994946028
11.656071162414346,0.9913319939825141
11.751532369258381,0.9912950693657384
11.846993576102415,0.99125832610468
11.942454782946452,0.9912217646081848
12.037915989790486,0.9911853852341395
12.133377196634521,0.9911491882900926
12.228838403478555,0.9911131740338979
12.32429961032259,0.9910773426743804
12.419760817166626,0.9910416943720224
12.515222024010662,0.9910062292396722
12.610683230854697,0.9909709473432697
12.70614443769873,0.9909358487025948
12.801605644542764,0.9909009332920311
12.897066851386798,0.9908662010413503
12.992528058230832,0.990831651836511
13.08798926507487,0.9907972855204765
13.183450471918905,0.9907631018940455
13.278911678762938,0.9907291007167004
13.374372885606972,0.9906952817074659
13.469834092451011,0.9906616445457844
13.565295299295045,0.9906281888724008
13.660756506139078,0.9905949142902595
13.756217712983112,0.9905618203654114
13.85167891982715,0.9905289066279315
13.947140126671183,0.9904961725728427
14.042601333515217,0.9904636176610495
14.13806254035925,0.9904312413202762
14.233523747203286,0.9903990429460114
14.328984954047323,0.9903670219024574
14.424446160891357,0.9903351775234832
14.51990736773539,0.9903035091135777
14.615368574579424,0.9902720159488085
14.710829781423463,0.9902406972777766
14.806290988267497,0.9902095523225742
14.90175219511153,0.9901785802797389
14.997213401955564,0.990147780321205
15.092674608799603,0.9901171515952527
15.188135815643637,0.9900866932274509
15.28359702248767,0.990056404321596
15.379058229331704,0.9900262839606422
15.474519436175738,0.9899963312076243
15.569980643019775,0.9899665451065742
15.665441849863809,0.9899369246834239
15.760903056707843,0.9899074689469003
15.856364263551876,0.9898781768894086
15.951825470395915,0.9898490474879011
16.04728667723995,0.9898200797047352
16.142747884083985,0.9897912724885142
16.238209090928017,0.9897626247749161
16.333670297772056,0.9897341354875036
16.429131504616088,0.9897058035385191
16.524592711460123,0.9896776278296618
16.620053918304155,0.9896496072528459
16.71551512514819,0.9896217406909402
16.81097633199223,0.9895940270184891
16.90643753883626,0.9895664651024116
17.001898745680297,0.9895390538026806
17.09735995252433,0.9895117919729811
17.192821159368368,0.9894846784613456
17.288282366212403,0.9894577121107684
17.383743573056435,0.9894308917597959
17.47920477990047,0.989404216243096
17.574665986744506,0.9893776843920016
17.67012719358854,0.9893512950350323
17.765588400432577,0.9893250469983925
17.86104960727661,0.9892989391064445
17.956510814120644,0.9892729701821583
18.05197202096468,0.9892471390475377
18.147433227808715,0.9892214445240219
18.242894434652747,0.9891958854328637
18.338355641496783,0.9891704605954829
18.433816848340822,0.9891451688337979
18.529278055184854,0.9891200089705328
18.62473926202889,0.9890949798295008
18.72020046887292,0.9890700802358673
18.81566167571696,0.9890453090163882
18.911122882560996,0.9890206649996282
19.006584089405028,0.9889961470161565
19.102045296249063,0.9889717538987233
19.197506503093095,0.988947484482415
19.292967709937134,0.9889233376047903
19.388428916781166,0.9888993121059985
19.4838901236252,0.9888754068288783
19.579351330469237,0.9888516206190415
19.674812537313272,0.9888279523249388
19.770273744157308,0.9888044007979115
19.86573495100134,0.9887809648922277
19.961196157845375,0.9887576434651066
20.056657364689414,0.9887344353767293
20.152118571533446,0.9887113394902395
20.24757977837748,0.9886883546717314
20.343040985221513,0.9886654797902328
20.43850219206555,0.9886427137176763
20.533963398909588,0.988620055328866
20.62942460575362,0.9885975035014376
20.724885812597655,0.9885750571158145
20.820347019441687,0.9885527150551612
20.915808226285726,0.9885304762053334
21.01126943312976,0.9885083394548293
21.106730639973794,0.9884863036947384
21.202191846817826,0.9884643678186966
21.297653053661865,0.9884425307228388
21.3931142605059,0.9884207913057599
21.488575467349932,0.9883991484684792
21.584036674193968,0.9883776011144116
21.679497881038,0.9883561481493462
21.77495908788204,0.9883347884814345
21.870420294726074,0.9883135210211874
21.965881501570106,0.9882923446814837
22.06134270841414,0.9882712583775912
22.15680391525818,0.9882502610271992
22.252265122102212,0.9882293515504654
22.347726328946248,0.9882085288700798
22.44318753579028,0.9881877919113398
22.53864874263432,0.9881671396022463
22.63410994947835,0.9881465708736139
22.729571156322386,0.9881260846591997
22.825032363166418,0.988105679895852
22.920493570010454,0.9880853555236746
23.015954776854493,0.9880651104862139
23.111415983698524,0.9880449437306644
23.20687719054256,0.988024854208094
23.302338397386592,0.988004840873689
23.39779960423063,0.9879849026870222
23.493260811074666,0.9879650386123385
23.5887220179187,0.9879452476188628
23.684183224762734,0.9879255286811279
23.77964443160677,0.9879058807793223
23.875105638450805,0.9878863028996584
23.97056684529484,0.9878667940347603
24.066028052138872,0.9878473531840699
24.161489258982908,0.9878279793542731
24.256950465826943,0.9878086715597417
24.35241167267098,0.9877894288229954
24.44787287951501,0.9877702501751772
24.543334086359046,0.9877511346565464
24.638795293203085,0.9877320813169852
24.734256500047117,0.9877130892165191
24.829717706891152,0.9876941574258484
24.925178913735184,0.9876752850268931
25.020640120579223,0.9876564711133444
25.11610132742326,0.9876377147912272
25.21156253426729,0.9876190151794679
25.307023741111326,0.9876003714104679
25.402484947955358,0.9875817826306802
25.497946154799397,0.9875632480011894
25.59340736164343,0.9875447666982902
25.688868568487464,0.9875263379140657
25.7843297753315,0.9875079608569617
25.879790982175535,0.987489634752356
25.97525218901957,0.9874713588431201
26.070713395863603,0.9874531323901723
26.16617460270764,0.9874349546730199
26.261635809551677,0.9874168249902878
26.35709701639571,0.9873987426602315
26.452558223239745,0.9873807070212347
26.548019430083777,0.9873627174322858
26.643480636927812,0.9873447732734337
26.73894184377185,0.9873268739462228
26.834403050615883,0.9873090188740978
26.92986425745992,0.9872912075027862
27.02532546430395,0.9872734393006496
27.12078667114799,0.9872557137590026
27.21624787799202,0.9872380303924017
27.311709084836057,0.9872203887388968
27.40717029168009,0.987202788360249
27.502631498524128,0.9871852288421061
27.598092705368163,0.9871677097941431
27.693553912212195,0.9871502308501574
27.78901511905623,0.9871327916681238
27.884476325900263,0.9871153919302043
27.9799375327443,0.9870980313427117
28.075398739588337,0.9870807096360288
28.17085994643237,0.9870634265644778
28.266321153276404,0.9870461819061426
28.361782360120444,0.9870289754626409
28.457243566964475,0.9870118070588475
28.55270477380851,0.9869946765425656
28.648165980652543,0.9869775837841483
28.74362718749658,0.986960528676069
28.839088394340614,0.986943511132439
28.93454960118465,0.9869265310884769
29.03001080802868,0.9869095884999238
29.125472014872717,0.9868926833424103
29.220933221716756,0.9868758156107722
29.316394428560788,0.9868589853183171
29.411855635404823,0.986842192496043
29.507316842248855,0.9868254371918088
29.602778049092894,0.9868087194694594
29.69823925593693,0.9867920394079045
29.79370046278096,0.9867753971001557
29.889161669624997,0.9867587926523204
29.98462287646903,0.9867422261825578
30.080084083313068,0.9867256978199949
30.175545290157103,0.986709207703609
30.271006497001135,0.9866927559810763
30.36646770384517,0.9866763428075883
30.461928910689206,0.9866599683446429
30.55739011753324,0.9866436327588085
30.652851324377274,0.9866273362204657
30.74831253122131,0.9866110789025309
30.843773738065348,0.9865948609791628
30.93923494490938,0.9865786826244569
31.034696151753415,0.9865625440111307
31.130157358597447,0.986546445309202
31.225618565441483,0.9865303866846672
31.321079772285522,0.9865143682981795
31.416540979129554,0.9864983903037334
31.51200218597359,0.9864824528473584
31.60746339281762,0.9864665560658251
31.70292459966166,0.9864507000853703
31.798385806505692,0.986434885020441
31.893847013349728,0.9864191109724665
31.989308220193763,0.9864033780286563
32.0847694270378,0.9863876862608354
32.180230633881834,0.9863720357243124
32.27569184072587,0.9863564264567939
32.3711530475699,0.9863408584773395
32.46661425441393,0.9863253317853704
32.562075461257976,0.986309846359727
32.657536668102004,0.9862944021577867
32.75299787494604,0.9862789991146412
32.848459081790075,0.9862636371423363
32.94392028863411,0.9862483161291824
33.039381495478146,0.9862330359391326
33.13484270232218,0.9862177964112376
33.23030390916622,0.9862025973591765
33.32576511601025,0.9861874385708667
33.42122632285428,0.986172319808159
33.516687529698316,0.9861572408066145
33.61214873654236,0.9861422012753718
33.70760994338639,0.9861272008971016
33.80307115023042,0.9861122393280531
33.89853235707446,0.9860973161981945
33.993993563918494,0.9860824311114451
34.08945477076253,0.9860675836460036
34.18491597760656,0.9860527733547743
34.2803771844506,0.986037999765886
34.375838391294636,0.9860232623833113
34.471299598138664,0.9860085606875794
34.56676080498271,0.9859938941365873
34.662222011826735,0.9859792621665058
34.75768321867077,0.9859646641927793
34.85314442551481,0.9859500996112203
34.94860563235884,0.9859355677991948
35.04406683920288,0.9859210681168975
35.139528046046905,0.985906599908714
35.23498925289095,0.9858921625046693
35.33045045973498,0.9858777552219571
35.42591166657901,0.9858633773665485
35.521372873423054,0.985849028234876
35.61683408026709,0.9858347071155885
35.71229528711112,0.9858204132913759
35.80775649395516,0.9858061460408528
35.90321770079919,0.9857919046405049
35.998678907643225,0.985777688366686
36.09414011448726,0.9857634964976635
36.189601321331295,0.9857493283157075
36.28506252817533,0.9857351831092162
36.38052373501936,0.9857210601748717
36.4759849418634,0.9857069588198218
36.57144614870744,0.9856928783638785
36.666907355551466,0.9856788181417295
36.7623685623955,0.9856647775051535
36.857829769239544,0.9856507558252348
36.95329097608357,0.9856367524945675
37.04875218292761,0.985622766929444
37.144213389771636,0.9856087985720192
37.23967459661568,0.9855948468924464
37.335135803459714,0.9855809113909704
37.43059701030374,0.9855669915999782
37.526058217147785,0.985553087085996
37.62151942399181,0.9855391974516234
37.71698063083585,0.9855253223374019
37.81244183767989,0.985511461423606
37.90790304452392,0.9854976144319524
38.003364251367955,0.985483781127219
38.098825458212,0.9854699613187663
38.194286665056026,0.9854561548619554
38.28974787190006,0.9854423616594555
38.38520907874409,0.9854285816624337
38.48067028558813,0.9854148148716213
38.57613149243217,0.9854010613382508
38.6715926992762,0.9853873211648585
38.76705390612024,0.9853735945059452
38.86251511296427,0.9853598815684922
38.9579763198083,0.9853461826123263
39.053437526652345,0.9853324979503302
39.148898733496374,0.9853188279484945
39.24435994034041,0.9853051730258062
39.339821147184445,0.9852915336539739
39.43528235402848,0.9852779103569823
39.530743560872516,0.9852643037104786
39.626204767716544,0.9852507143409855
39.72166597456058,0.985237142924942
39.81712718140462,0.9852235901875697
39.91258838824865,0.9852100569015653
40.008049595092686,0.9851965438856197
40.10351080193672,0.9851830520027651
40.19897200878076,0.9851695821585491
40.29443321562479,0.9851561352990421
40.38989442246882,0.9851427124086773
40.48535562931286,0.9851293145079284
40.5808168361569,0.9851159426508262
40.67627804300093,0.9851025979223239
40.77173924984497,0.9850892814355092
40.867200456689,0.985075994328675
40.962661663533034,0.9850627377622507
41.058122870377076,0.9850495129156022
41.153584077221105,0.9850363209837087
41.24904528406514,0.985023163173724
41.34450649090917,0.985010040701428
41.43996769775321,0.984996954787581
41.53542890459725,0.9849839066541888
41.630890111441275,0.9849708975206861
41.72635131828532,0.9849579286000534
41.82181252512935,0.9849450010948735
41.91727373197338,0.9849321161933402
42.012734938817424,0.9849192750652331
42.10819614566145,0.9849064788578679
42.20365735250549,0.9848937286920316
42.29911855934952,0.9848810256579249
42.39457976619356,0.9848683708111121
42.490040973037594,0.9848557651685006
42.58550217988162,0.98484320970436
42.680963386725665,0.9848307053463937
42.7764245935697,0.9848182529718764
42.87188580041373,0.9848058534038735
42.967347007257764,0.984793507407552
43.06280821410181,0.9847812156866003
43.158269420945835,0.9847689788797664
43.25373062778987,0.9847567975575331
43.3491918346339,0.9847446722189372
43.44465304147794,0.9847326032885515
43.54011424832198,0.984720591113638
43.635575455166006,0.9847086359614868
43.73103666201005,0.9846967380169549
43.82649786885408,0.9846848973802105
43.92195907569811,0.984673114064703
44.017420282542155,0.9846613879953605
44.11288148938618,0.9846497190070324
44.20834269623022,0.9846381068431829
44.30380390307426,0.9846265511548467
44.39926510991829,0.9846150514998537
44.494726316762325,0.9846036073423333
44.59018752360635,0.9845922180525015
44.685648730450396,0.9845808829067432
44.78110993729443,0.9845696010879885
44.87657114413846,0.984558371686394
44.9720323509825,0.9845471937003287
45.06749355782653,0.9845360660376707
45.162954764670566,0.9845249875174144
45.25841597151461,0.9845139568715912
45.35387717835864,0.9845029727475042
45.44933838520267,0.984492033710274
45.54479959204671,0.9844811382456964
45.64026079889074,0.9844702847634075
45.73572200573478,0.9844594716003542
45.83118321257881,0.984448697024563
45.92664441942284,0.984437959239204
46.022105626266885,0.9844272563869401
46.117566833110914,0.9844165865545564
46.21302803995495,0.9844059477778581
46.308489246798985,0.9843953380468301
46.40395045364302,0.9843847553110432
46.499411660487056,0.9843741974852985
46.594872867331084,0.9843636624554944
46.69033407417513,0.9843531480847029
46.78579528101916,0.9843426522194415
46.88125648786319,0.9843321726961219
46.97671769470723,0.984321707347662
47.07217890155126,0.9843112540102388
47.1676401083953,0.9843008105301708
47.26310131523934,0.9842903747709031
47.35856252208337,0.9842799446200786
47.4540237289274,0.984269517996677
47.54948493577143,0.9842590928581944
47.644946142615474,0.9842486672078469
47.74040734945951,0.9842382391017731
47.83586855630354,0.9842278066562132
47.93132976314758,0.9842173680546408
48.026790969991616,0.9842069215548246
48.122252176835644,0.9841964654957975
48.21771338367969,0.9841859983047042
48.313174590523715,0.9841755185035088
48.40863579736775,0.9841650247155351
48.504097004211786,0.9841545156718162
48.59955821105582,0.9841439902172275
48.69501941789986,0.9841334473163844
48.790480624743886,0.9841228860592743
48.88594183158793,0.9841123056666049
48.981403038431964,0.9841017054948435
49.07686424527599,0.9840910850409266
49.17232545212003,0.9840804439466163
49.26778665896407,0.9840697820024842
49.3632478658081,0.984059099151502
49.458709072652134,0.9840483954922197
49.55417027949616,0.9840376712815117
49.649631486340205,0.9840269269368761
49.74509269318424,0.9840161630382689
49.84055390002827,0.984005380329457
49.93601510687231,0.9839945797188795
50.03147631371634,0.9839837622800012
50.126937520560375,0.9839729292511494
50.22239872740442,0.9839620820348228
50.317859934248446,0.983951222196465
50.41332114109248,0.9839403514626952
50.508782347936524,0.9839294717189914
50.60424355478055,0.9839185850068232
50.69970476162459,0.9839076935202303
50.795165968468616,0.983896799601849
50.89062717531266,0.9838859057383864
50.986088382156694,0.9838750145555484
51.08154958900072,0.9838641288124229
51.177010795844765,0.98385325139533
51.272472002688794,0.9838423853111437
51.36793320953283,0.9838315336800999
51.46339441637687,0.9838206997281009
51.5588556232209,0.9838098867785318
51.654316830064936,0.9837990982436061
51.74977803690897,0.9837883376152574
51.84523924375301,0.9837776084555987
51.94070045059704,0.9837669143869704
52.03616165744107,0.9837562590816011
52.131622864285106,0.9837456462509067
52.22708407112915,0.9837350796344546
52.32254527797318,0.9837245629886221
52.41800648481721,0.9837141000749791
52.51346769166125,0.9837036946484264
52.60892889850528,0.9836933504451251
52.70439010534932,0.9836830711702467
52.79985131219335,0.983672860485586
52.89531251903739,0.9836627219970693
52.990773725881425,0.9836526592421955
53.08623493272545,0.983642675677455
53.181696139569496,0.9836327746657574
53.277157346413524,0.9836229594639168
53.37261855325756,0.9836132332102299
53.4680797601016,0.9836035989121926
53.56354096694563,0.9835940594343964
53.659002173789666,0.9835846174866427
53.754463380633695,0.9835752756123266
53.84992458747774,0.983566036177122
53.94538579432177,0.9835569013580191
54.0408470011658,0.9835478731327514
54.136308208009844,0.9835389532696552
54.23176941485388,0.9835301433180035
54.32723062169791,0.9835214445988523
54.42269182854195,0.983512858196443
54.51815303538598,0.983504384950194
54.613614242230014,0.9834960254473227
54.70907544907405,0.9834877800161335
54.804536655918085,0.9834796487200042
54.89999786276212,0.9834716313521058
54.99545906960615,0.9834637274308875
55.09092027645019,0.9834559361963533
55.18638148329423,0.9834482566071612
55.281842690138255,0.9834406873385679
55.37730389698229,0.9834332267812437
55.47276510382633,0.9834258730409763
55.56822631067036,0.9834186239392844
55.6636875175144,0.9834114770149552
55.759148724358425,0.9834044295265182
55.85460993120247,0.9833974784556665
55.9500711380465,0.9833906205116338
56.04553234489053,0.9833838521365301
56.140993551734574,0.9833771695116367
56.2364547585786,0.9833705685646621
56.33191596542264,0.9833640449779498
56.42737717226668,0.9833575941976346
56.52283837911071,0.9833512114437303
56.618299585954745,0.9833448917211411
56.71376079279879,0.9833386298315734
56.809221999642816,0.9833324203863292
56.90468320648685,0.983326257819958
57.00014441333088,0.9833201364047375
57.09560562017492,0.9833140502659525
57.19106682701896,0.9833079933979405
57.286528033862986,0.9833019596808634
57.38198924070703,0.9832959428981685
57.47745044755106,0.9832899367546915
57.57291165439509,0.9832839348953616
57.668372861239135,0.9832779309244517
57.76383406808316,0.9832719184253295
57.8592952749272,0.9832658909806499
57.954756481771234,0.9832598421929353
58.05021768861527,0.9832537657054818
58.145678895459305,0.9832476552235322
58.24114010230333,0.9832415045356513
58.33660130914737,0.9832353075352376
58.43206251599141,0.9832290582421062
58.52752372283544,0.9832227508240713
58.622984929679475,0.9832163796184629
58.71844613652351,0.9832099391535
58.813907343367546,0.9832034241694563
58.90936855021158,0.9831968296395394
59.00482975705561,0.9831901507904117
59.10029096389965,0.9831833831222836
59.19575217074369,0.9831765224284986
59.29121337758772,0.983169564814544
59.38667458443176,0.9831625067164087
59.48213579127579,0.9831553449182208
59.57759699811982,0.98314807656909
59.673058204963866,0.9831406991990879
59.768519411807894,0.9831332107342945
59.86398061865193,0.9831256095108497
59.95944182549596,0.9831178942879365
60.05490303234,0.9831100642596435
60.150364239184036,0.9831021190656373
60.245825446028064,0.983094058800593
60.34128665287211,0.9830858840223288
60.43674785971614,0.9830775957585874
60.53220906656017,0.9830691955124239
60.62767027340421,0.9830606852661509
60.72313148024824,0.9830520674838021
60.81859268709228,0.9830433451120782
60.91405389393631,0.9830345215797417
61.00951510078035,0.983025600795435
61.10497630762438,0.9830165871438975
61.20043751446841,0.9830074854805618
61.295898721312454,0.9829983011245194
61.39135992815649,0.9829890398498436
61.48682113500052,0.9829797078752696
61.582282341844554,0.9829703118522304
61.677743548688596,0.9829608588512609
61.773204755532625,0.9829513563467783
61.86866596237666,0.9829418122002596
61.96412716922069,0.9829322346418403
62.05958837606473,0.9829226322503638
62.15504958290877,0.9829130139319162
62.250510789752795,0.9829033888968872
62.34597199659684,0.9828937666356052
62.441433203440866,0.9828841568925959
62.5368944102849,0.9828745696395241
62.632355617128944,0.9828650150468798
62.72781682397297,0.9828555034544783
62.82327803081701,0.9828460453408445
62.91873923766105,0.9828366512915642
63.01420044450508,0.9828273319666794
63.109661651349114,0.9828180980672219
63.20512285819314,0.9828089603009701
63.300584065037185,0.9827999293475326
63.39604527188122,0.9827910158228524
63.49150647872525,0.982782230243241
63.58696768556929,0.9827735829890454
63.68242889241332,0.9827650842680636
63.777890099257355,0.9827567440788169
63.8733513061014,0.9827485721737992
63.968812512945426,0.9827405780228198
64.06427371978947,0.9827327707765615
64.1597349266335,0.9827251592304738
64.25519613347753,0.9827177517891238
64.35065734032156,0.9827105564311334
64.4461185471656,0.982703580674819
64.54157975400963,0.9826968315446669
64.63704096085367,0.9826903155387579
64.7325021676977,0.9826840385972732
64.82796337454174,0.9826780060721984
64.92342458138577,0.9826722226983444
65.01888578822981,0.9826666925658071
65.11434699507384,0.9826614190939773
65.20980820191788,0.9826564050072149
65.30526940876192,0.9826516523122955
65.40073061560594,0.982647162277736
65.49619182244999,0.9826429354150976
65.59165302929402,0.9826389714623645
65.68711423613804,0.9826352693694875
65.7825754429821,0.9826318272861823
65.87803664982613,0.9826286425520557
65.97349785667015,0.9826257116891416
66.0689590635142,0.9826230303969071
66.16442027035822,0.9826205935497938
66.25988147720226,0.9826183951973455
66.3553426840463,0.9826164285669687
66.45080389089033,0.9826146860693635
66.54626509773436,0.9826131593066565
66.6417263045784,0.9826118390832553
66.73718751142243,0.9826107154194395
66.83264871826647,0.9826097775676924
66.9281099251105,0.9826090140317689
67.02357113195454,0.9826084125884875
67.11903233879858,0.9826079603122224
67.21449354564261,0.9826076436020662
67.30995475248665,0.9826074482116203
67.40541595933068,0.9826073592813664
67.50087716617472,0.9826073613735561
67.59633837301875,0.9826074385095526
67.69179957986279,0.9826075742095464
67.78726078670682,0.982607751534559
67.88272199355085,0.9826079531306364
67.97818320039488,0.9826081612751331
68.07364440723893,0.9826083579249673
68.16910561408295,0.9826085247667325
68.26456682092699,0.9826086432685326
68.36002802777104,0.9826086947334012
68.45548923461506,0.9826086603541688
68.5509504414591,0.9826085212696155
68.64641164830313,0.9826082586217597
68.74187285514716,0.9826078536141132
68.8373340619912,0.9826072875707335
68.93279526883524,0.982606541995897
69.02825647567927,0.9826055986342137
69.1237176825233,0.9826044395309943
69.21917888936734,0.9826030470926849
69.31464009621138,0.982601404147174
69.41010130305541,0.9825994940037768
69.50556250989945,0.9825973005127
69.60102371674348,0.9825948081237886
69.69648492358752,0.9825920019443533
69.79194613043155,0.9825888677958801
69.88740733727558,0.9825853922694222
69.98286854411963,0.9825815627794745
70.07832975096366,0.9825773676161356
70.17379095780768,0.9825727959953635
70.26925216465173,0.9825678381071299
70.36471337149575,0.982562485161292
70.46017457833979,0.9825567294309941
70.55563578518382,0.9825505642934231
70.65109699202786,0.982543984267747
70.7465581988719,0.9825369850500693
70.84201940571593,0.9825295635452435
70.93748061255997,0.9825217178953943
71.032941819404,0.982513447505009
71.12840302624804,0.982504753062458
71.22386423309207,0.98249563655783
71.31932543993611,0.9824861012969629
71.41478664678014,0.9824761519115699
71.51024785362418,0.9824657943653696
71.6057090604682,0.9824550359561405
71.70117026731225,0.9824438853136318
71.79663147415629,0.982432352393276
71.8920926810003,0.9824204484656613
71.98755388784436,0.9824081861017341
72.08301509468839,0.9823955791537162
72.17847630153241,0.9823826427317369
72.27393750837646,0.9823693931761879
72.36939871522048,0.9823558480258322
72.46485992206452,0.9823420259817048
72.56032112890857,0.982327946866859
72.65578233575259,0.9823136315820298
72.75124354259663,0.9822991020572978
72.84670474944066,0.982284381199848
72.9421659562847,0.9822694928379384
73.03762716312873,0.9822544616612039
73.13308836997277,0.9822393131574314
73.2285495768168,0.9822240735459639
73.32401078366084,0.9822087697078947
73.41947199050487,0.9821934291132335
73.51493319734891,0.9821780797452337
73.61039440419295,0.982162750022083
73.70585561103698,0.9821474687161735
73.80131681788102,0.982132264871175
73.89677802472505,0.9821171677171439
73.99223923156909,0.9821022065839179
74.08770043841311,0.9820874108130437
74.18316164525716,0.9820728096685034
74.2786228521012,0.9820584322465059
74.37408405894521,0.9820443073846205
74.46954526578925,0.9820304635705319
74.5650064726333,0.9820169288507042
74.66046767947732,0.9820037307392411
74.75592888632136,0.9819908961272399
74.8513900931654,0.9819784511929284
74.94685130000943,0.9819664213128855
75.04231250685346,0.9819548309746402
75.13777371369751,0.9819437036909434
75.23323492054153,0.9819330619160087
75.32869612738557,0.9819229269640104
75.42415733422962,0.9819133189301285
75.51961854107364,0.9819042566144214
75.61507974791768,0.9818957574488026
75.7105409547617,0.9818878374273933
75.80600216160575,0.9818805110405098
75.90146336844978,0.9818737912125416
75.9969245752938,0.9818676892439624
76.09238578213785,0.9818622147577074
76.18784698898189,0.9818573756501381
76.28330819582591,0.9818531780468044
76.37876940266996,0.9818496262631982
76.474230609514,0.9818467227706824
76.56969181635802,0.9818444681677617
76.66515302320207,0.9818428611568446
76.76061423004609,0.9818418985266366
76.85607543689012,0.9818415751402773
76.95153664373416,0.9818418839293281
77.0469978505782,0.981842815893691
77.14245905742223,0.9818443601075213
77.23792026426626,0.9818465037311854
77.3333814711103,0.9818492320292871
77.42884267795434,0.9818525283947688
77.52430388479837,0.9818563743790796
77.6197650916424,0.9818607497283743
77.71522629848644,0.9818656324256934
77.81068750533046,0.9818709987390507
77.90614871217451,0.9818768232753389
78.00160991901855,0.9818830790399395
78.09707112586257,0.9818897375019058
78.1925323327066,0.9818967686645699
78.28799353955065,0.9819041411414027
78.38345474639468,0.9819118222369377
78.47891595323871,0.9819197780325553
78.57437716008276,0.9819279734768974
78.66983836692678,0.9819363724806784
78.76529957377082,0.9819449380156268
78.86076078061487,0.981953632217289
78.95622198745889,0.9819624164914055
79.05168319430292,0.981971251623554
79.14714440114697,0.981980097891747
79.242605607991,0.9819889151816522
79.33806681483503,0.981997663104097
79.43352802167905,0.9820063011145077
79.5289892285231,0.9820147886339237
79.62445043536714,0.9820230851712161
79.71991164221116,0.9820311504461413
79.81537284905521,0.982038944512847
79.91083405589924,0.9820464278834427
80.00629526274327,0.9820535616512535
80.10175646958731,0.9820603076133608
80.19721767643135,0.9820666283920433
80.29267888327537,0.9820724875547256
80.38814009011942,0.9820778497320477
80.48360129696346,0.9820826807336707
80.57906250380748,0.9820869476614364
80.67452371065151,0.9820906190195077
80.76998491749556,0.9820936648211219
80.86544612433958,0.9820960566915987
80.96090733118362,0.9820977679672499
81.05636853802767,0.9820987737898579
81.15182974487169,0.9820990511963918
81.24729095171573,0.9820985792036504
81.34275215855978,0.9820973388875318
81.4382133654038,0.9820953134566486
81.53367457224783,0.9820924883200185
81.62913577909188,0.9820888511485869
81.7245969859359,0.9820843919303422
81.82005819277994,0.9820791030188223
81.91551939962396,0.9820729791748132
82.010980606468,0.9820660176010735
82.10644181331205,0.9820582179699363
82.20190302015607,0.9820495824436597
82.2973642270001,0.9820401156874249
82.39282543384415,0.9820298248749001
82.48828664068816,0.9820187196863136
82.58374784753221,0.982006812299004
82.67920905437626,0.9819941173704383
82.77467026122027,0.981980652013713
82.87013146806432,0.9819664357655803
82.96559267490836,0.9819514905470605
83.06105388175237,0.9819358406167329
83.15651508859642,0.9819195125168136
83.25197629544047,0.9819025350121606
83.34743750228448,0.981884939022363
83.44289870912853,0.9818667575470983
83.53835991597258,0.9818480255849613
83.63382112281658,0.9818287800459947
83.72928232966063,0.9818090596581645
83.82474353650468,0.9817889048680524
83.92020474334869,0.9817683577360518
84.01566595019274,0.9817474618263725
84.11112715703679,0.9817262620921797
84.2065883638808,0.9817048047562063
84.30204957072485,0.9816831371871976
84.39751077756885,0.9816613077725534
84.4929719844129,0.9816393657875574
84.58843319125695,0.9816173612615836
84.68389439810096,0.9815953448416901
84.77935560494501,0.9815733676540107
84.87481681178906,0.9815514811633743
84.97027801863307,0.9815297370315724
85.06573922547712,0.9815081869747175
85.16120043232117,0.9814868826201257
85.25666163916517,0.9814658753631645
85.35212284600922,0.9814452162245072
85.44758405285327,0.9814249557082328
85.54304525969728,0.9814051436612109
85.63850646654133,0.981385829134201
85.73396767338538,0.9813670602451001
85.82942888022939,0.9813488840447568
85.92489008707344,0.981331346385765
86.02035129391749,0.981314491794644
86.11581250076149,0.9812983633477967
86.21127370760554,0.9812830025516256
86.30673491444959,0.9812684492271767
86.4021961212936,0.9812547413996626
86.49765732813765,0.981241915193201
86.5931185349817,0.9812300047310917
86.6885797418257,0.9812190420419287
86.78404094866976,0.9812090569718366
86.87950215551376,0.9812000771030893
86.97496336235781,0.9811921276793548
87.07042456920186,0.9811852315377865
87.16588577604587,0.9811794090481593
87.26134698288992,0.9811746780592253
87.35680818973397,0.9811710538524412
87.45226939657798,0.9811685491031936
87.54773060342202,0.9811671738496279
87.64319181026607,0.9811669354691576
87.73865301711008,0.9811678386627083
87.83411422395413,0.9811698854467273
87.92957543079818,0.9811730751529584
88.02503663764219,0.981177404435966
88.12049784448624,0.9811828672883591
88.21595905133029,0.981189455063646
88.3114202581743,0.9811971565066265
88.40688146501834,0.9812059577912015
88.5023426718624,0.9812158425654574
88.5978038787064,0.9812267920038653
88.69326508555045,0.9812387848664033
88.7887262923945,0.981251797564395
88.88418749923851,0.9812658042328394
88.97964870608256,0.9812807768089782
89.0751099129266,0.9812966851168362
89.17057111977061,0.9813134969574492
89.26603232661466,0.9813311782044766
89.36149353345867,0.9813496929048814
89.45695474030272,0.981369003384345
89.55241594714677,0.9813890703570708
89.64787715399078,0.9814098530396178
89.74333836083483,0.9814313092683962
89.83879956767888,0.981453395620447
89.93426077452288,0.9814760675371152
90.02972198136693,0.9814992794502271
90.12518318821098,0.9815229849103686
90.22064439505499,0.9815471367168624
90.31610560189904,0.9815716870490376
90.41156680874309,0.9815965875983814
90.5070280155871,0.9816217897011669
90.60248922243115,0.9816472444711499
90.69795042927518,0.9816729029319277
90.7934116361192,0.9816987161485626
90.88887284296325,0.9817246353580714
90.98433404980729,0.9817506120983959
91.07979525665131,0.9817765983354698
91.17525646349536,0.9818025465880128
91.2707176703394,0.9818284100496865
91.36617887718342,0.9818541427082657
91.46164008402747,0.9818796994614842
91.5571012908715,0.9819050362292296
91.65256249771552,0.981930110061778
91.74802370455956,0.9819548792437729
91.84348491140358,0.981979303393669
91.93894611824763,0.9820033435583785
92.03440732509166,0.9820269623028736
92.12986853193568,0.9820501237945228
92.22532973877973,0.9820727938819495
92.32079094562377,0.9820949401682249
92.41625215246779,0.9821165320782305
92.51171335931184,0.982137540920038
92.60717456615588,0.9821579399401804
92.7026357729999,0.9821777043727069
92.79809697984393,0.982196811481938
92.89355818668798,0.9822152405988508
92.989019393532,0.982232973151054
93.08448060037604,0.9822499926863285
93.17994180722009,0.9822662848897317
93.27540301406411,0.9822818375942786
93.37086422090815,0.9822966407852466
93.4663254277522,0.9823106865981528
93.56178663459622,0.9823239693104885
93.65724784144025,0.9823364853273034
93.7527090482843,0.9823482331607563
93.84817025512831,0.9823592134037635
93.94363146197236,0.9823694286978994
94.03909266881641,0.9823788836957099
94.13455387566042,0.982387585017627
94.23001508250447,0.9823955412036792
94.32547628934849,0.9824027626602101
94.42093749619252,0.9824092616018305
94.51639870303657,0.9824150519888436
94.6118599098806,0.9824201494603887
94.70732111672463,0.9824245712635664
94.80278232356868,0.9824283361788136
94.89824353041269,0.9824314644418071
94.99370473725673,0.9824339776621762
95.08916594410078,0.9824358987393269
95.18462715094479,0.9824372517756617
95.28008835778884,0.9824380619875074
95.37554956463289,0.982438355614051
95.4710107714769,0.9824381598245926
95.56647197832095,0.9824375026244218
95.661933185165,0.9824364127596308
95.757394392009,0.9824349196211679
95.85285559885305,0.982433053148441
95.9483168056971,0.9824308437327716
96.04377801254111,0.9824283221210035
96.13923921938516,0.9824255193195566
96.23470042622921,0.9824224664992196
96.33016163307322,0.9824191949009615
96.42562283991727,0.982415735743041
96.52108404676132,0.9824121201296794
96.61654525360532,0.9824083789615565
96.71200646044937,0.9824045428483812
96.80746766729338,0.9824006420237723
96.90292887413743,0.982396706262682
96.99839008098148,0.9823927648015772
97.09385128782549,0.9823888462615822
97.18931249466954,0.9823849785747782
97.28477370151359,0.9823811889138391
97.3802349083576,0.9823775036251661
97.47569611520164,0.9823739481656795
97.57115732204569,0.9823705470434009
97.6666185288897,0.9823673237619557
97.76207973573375,0.9823643007691004
97.8575409425778,0.9823614994093752
97.9530021494218,0.9823589398809606
98.04846335626586,0.9823566411968031
98.1439245631099,0.9823546211500659
98.23938576995391,0.9823528962839374
98.33484697679796,0.9823514818658218
98.43030818364201,0.9823503918659211
98.52576939048602,0.9823496389402017
98.62123059733007,0.9823492344177256
98.71669180417412,0.982349188292314
98.81215301101813,0.9823495092184965
98.90761421786218,0.9823502045116854
99.00307542470622,0.9823512801525048
99.09853663155023,0.9823527407951896
99.19399783839428,0.9823545897799594
99.28945904523829,0.9823568291492588
99.38492025208234,0.9823594596677496
99.48038145892639,0.9823624808459268
99.5758426657704,0.9823658909672185
99.67130387261444,0.9823696871184296
99.7667650794585,0.9823738652233717
99.8622262863025,0.9823784200795178
99.95768749314655,0.982383345397516
100.0531486999906,0.9823886338433857
100.14860990683461,0.9823942770832156
100.24407111367866,0.9824002658301805
100.33953232052271,0.9824065898936851
100.43499352736671,0.9824132382304451
100.53045473421076,0.9824201989973046
100.62591594105481,0.9824274596055977
100.72137714789882,0.9824350067768511
100.81683835474287,0.9824428265996277
100.91229956158692,0.9824509045873114
101.00776076843093,0.9824592257366342
101.10322197527498,0.9824677745867432
101.19868318211903,0.9824765352786129
101.29414438896303,0.9824854916146094
101.38960559580708,0.9824946271180088
101.48506680265113,0.9825039250922891
101.58052800949514,0.9825133686800035
101.67598921633919,0.9825229409210611
101.7714504231832,0.9825326248102382
101.86691163002725,0.9825424033537496
101.9623728368713,0.9825522596247191
102.0578340437153,0.9825621768173909
102.15329525055935,0.9825721382999321
102.2487564574034,0.9825821276656848
102.34421766424741,0.9825921287827312
102.43967887109146,0.9826021258416437
102.53514007793551,0.9826121034013038
102.63060128477952,0.9826220464326747
102.72606249162357,0.9826319403604277
102.82152369846762,0.9826417711023291
102.91698490531162,0.9826515251063006
103.01244611215567,0.9826611893850785
103.10790731899971,0.9826707515484063
103.20336852584373,0.9826801998327002
103.29882973268778,0.9826895231281398
103.39429093953181,0.9826987110031487
103.48975214637584,0.9827077537262271
103.58521335321988,0.9827166422851217
103.68067456006392,0.9827253684033173
103.77613576690794,0.9827339245538486
103.87159697375199,0.9827423039704348
103.96705818059603,0.982750500655953
104.06251938744005,0.9827585093882723
104.15798059428408,0.9827663257234752
104.2534418011281,0.9827739459965107
104.34890300797215,0.9827813673193171
104.44436421481619,0.9827885875764736
104.53982542166021,0.9827956054184354
104.63528662850426,0.9828024202524231
104.7307478353483,0.9828090322310347
104.82620904219232,0.982815442238663
104.92167024903637,0.9828216518757997
105.0171314558804,0.9828276634413167
105.11259266272442,0.9828334799128193
105.20805386956846,0.982839104925171
105.30351507641251,0.9828445427472884
105.39897628325653,0.9828497982573202
105.49443749010057,0.982854876916312
105.58989869694462,0.9828597847404759
105.68535990378864,0.9828645282721755
105.78082111063267,0.9828691145497469
105.87628231747672,0.9828735510762711
105.97174352432074,0.9828778457874183
106.06720473116478,0.982882007018488
106.16266593800883,0.9828860434707603
106.25812714485284,0.9828899641772818
106.35358835169689,0.9828937784682099
106.44904955854093,0.9828974959358275
106.54451076538494,0.9829011263993539
106.63997197222899,0.9829046798696643
106.73543317907301,0.982908166514035
106.83089438591705,0.9829115966210253
106.9263555927611,0.9829149805656094
107.02181679960512,0.9829183287746611
107.11727800644915,0.9829216516929007
107.2127392132932,0.9829249597494003
107.30820042013721,0.9829282633247484
107.40366162698126,0.9829315727189634
107.49912283382531,0.9829348981202495
107.59458404066932,0.9829382495746748
107.69004524751337,0.9829416369568553
107.78550645435742,0.9829450699417197
107.88096766120142,0.9829485579774232
107.97642886804547,0.9829521102594792
108.07189007488952,0.9829557357061663
108.16735128173353,0.9829594429352696
108.26281248857758,0.9829632402421996
108.35827369542163,0.982967135579542
108.45373490226564,0.9829711365380687
108.54919610910969,0.9829752503292515
108.64465731595374,0.9829794837692992
108.74011852279774,0.9829838432647481
108.8355797296418,0.9829883347996178
108.93104093648584,0.9829929639241468
109.02650214332985,0.9829977357451145
109.1219633501739,0.9830026549177509
109.2174245570179,0.9830077256392297
109.31288576386196,0.9830129516437381
109.408346970706,0.9830183361991075
109.50380817755001,0.9830238821049881
109.59926938439406,0.9830295916925447
109.69473059123811,0.983035466825646
109.79019179808212,0.9830415089035162
109.88565300492617,0.9830477188648119
109.98111421177022,0.9830540971930878
110.07657541861423,0.9830606439236039
110.17203662545828,0.9830673586514308
110.26749783230233,0.9830742405408017
110.36295903914633,0.9830812883356581
110.45842024599038,0.9830885003713336
110.55388145283443,0.9830958745873166
110.64934265967844,0.9831034085410332
110.74480386652249,0.9831110994225842
110.84026507336654,0.9831189440703735
110.93572628021055,0.9831269389875628
111.0311874870546,0.9831350803592803
111.12664869389864,0.9831433640705203
111.22210990074265,0.9831517857246581
111.3175711075867,0.9831603406625147
111.41303231443075,0.9831690239818978
111.50849352127476,0.9831778305575464
111.60395472811881,0.9831867550614144
111.69941593496281,0.9831957919832132
111.79487714180686,0.9832049356511521
111.89033834865091,0.9832141802528003
111.98579955549492,0.9832235198560056
112.08126076233897,0.9832329484298012
112.17672196918302,0.9832424598652348
112.27218317602703,0.9832520479960533
112.36764438287108,0.9832617066191839
112.46310558971513,0.9832714295149488
112.55856679655913,0.9832812104669509
112.65402800340318,0.9832910432815805
112.74948921024723,0.9833009218070823
112.84495041709124,0.9833108399521336
112.94041162393529,0.9833207917038832
113.03587283077934,0.9833307711454038
113.13133403762335,0.9833407724725148
113.2267952444674,0.9833507900099321
113.32225645131145,0.9833608182267086
113.41771765815545,0.9833708517509292
113.5131788649995,0.983380885383626
113.60864007184355,0.9833909141118891
113.70410127868756,0.9834009331211406
113.79956248553161,0.9834109378065549
113.89502369237566,0.9834209237835998
113.99048489921967,0.9834308868976869
114.08594610606372,0.9834408232329143
114.18140731290772,0.9834507291198913
114.27686851975177,0.9834606011426409
114.37232972659582,0.9834704361445713
114.46779093343983,0.983480231233519
114.56325214028388,0.9834899837858646
114.65871334712793,0.9834996914497227
114.75417455397194,0.9835093521472185
114.84963576081599,0.9835189640758587
114.94509696766004,0.983528525709008
115.04055817450404,0.9835380357954907
115.13601938134809,0.9835474933583324
115.23148058819214,0.9835568976926629
115.32694179503615,0.9835662483628042
115.4224030018802,0.9835755451985662
115.51786420872423,0.9835847882907798
115.61332541556826,0.983593977986092
115.7087866224123,0.9836031148810594
115.80424782925634,0.9836121998155651
115.89970903610036,0.9836212338656003
115.99517024294441,0.9836302183354377
116.09063144978845,0.9836391547492411
116.18609265663247,0.9836480448421417
116.28155386347652,0.9836568905508232
116.37701507032055,0.9836656940036533
116.47247627716457,0.9836744575104033
116.56793748400861,0.9836831835515932
116.66339869085263,0.9836918747675055
116.75885989769668,0.9837005339469078
116.85432110454072,0.9837091640155246
116.94978231138474,0.9837177680243009
117.04524351822879,0.9837263491374983
117.14070472507282,0.9837349106206617
117.23616593191684,0.9837434558285008
117.3316271387609,0.9837519881927246
117.42708834560493,0.9837605112098666
117.52254955244895,0.9837690284291407
117.61801075929299,0.9837775434403657
117.71347196613704,0.9837860598619945
117.80893317298106,0.9837945813292821
117.90439437982509,0.9838031114826304
117.99985558666914,0.9838116539561389
118.09531679351316,0.9838202123663965
118.1907780003572,0.983828790301543
118.28623920720125,0.9838373913106313
118.38170041404527,0.9838460188933142
118.4771616208893,0.9838546764898874
118.57262282773335,0.9838633674717068
118.66808403457736,0.9838720951320088
118.76354524142141,0.9838808626771502
118.85900644826546,0.983889673218289
118.95446765510947,0.9838985297635225
119.04992886195352,0.9839074352105008
119.14539006879754,0.9839163923395263
119.24085127564157,0.9839254038071543
119.33631248248562,0.9839344721403018
119.43177368932965,0.9839435997308776
119.52723489617368,0.9839527888309357
119.62269610301773,0.9839620415483591
119.71815730986174,0.9839713598430778
119.81361851670579,0.9839807455238218
119.90907972354984,0.9839902002454064
120.00454093039384,0.9839997255065537
120.1000021372379,0.98400932264824
120.19546334408194,0.984018992852568
120.29092455092595,0.9840287371421563
120.38638575777,0.9840385563800383
120.48184696461405,0.9840484512700586
120.57730817145806,0.9840584223577589
120.6727693783021,0.9840684700317393
120.76823058514616,0.9840785945254824
120.86369179199016,0.9840887959196236
120.95915299883421,0.9840990741446539
121.05461420567826,0.9841094289840374
121.15007541252227,0.9841198600777255
121.24553661936632,0.9841303669260479
121.34099782621037,0.9841409488939645
121.43645903305438,0.9841516052156525
121.53192023989843,0.9841623349994126
121.62738144674243,0.9841731372328704
121.72284265358648,0.9841840107884504
121.81830386043053,0.9841949544291024
121.91376506727454,0.9842059668142544
122.00922627411859,0.9842170465059729
122.10468748096264,0.9842281919753022
122.20014868780665,0.9842394016087651
122.2956098946507,0.9842506737149975
122.39107110149475,0.9842620065314938
122.48653230833875,0.9842733982314427
122.5819935151828,0.9842848469306276
122.67745472202685,0.9842963506943697
122.77291592887086,0.9843079075444914
122.86837713571491,0.984319515466278
122.96383834255896,0.9843311724154166
123.05929954940297,0.9843428763248886
123.15476075624701,0.9843546251117994
123.25022196309106,0.9843664166841212
123.34568316993507,0.9843782489473322
123.44114437677912,0.9843901198109325
123.53660558362317,0.98440202719482
123.63206679046718,0.9844139690355072
123.72752799731123,0.9844259432921652
123.82298920415528,0.9844379479524777
123.91845041099928,0.9844499810382921
124.01391161784333,0.9844620406110509
124.10937282468734,0.9844741247769978
124.20483403153139,0.9844862316921372
124.30029523837544,0.9844983595669458
124.39575644521945,0.9845105066708209
124.4912176520635,0.9845226713362584
124.58667885890755,0.984534851962753
124.68214006575155,0.9845470470204158
124.7776012725956,0.9845592550532999
124.87306247943965,0.9845714746824313
124.96852368628366,0.984583704608546
125.06398489312771,0.9845959436145207
125.15944609997176,0.9846081905675069
125.25490730681577,0.9846204444207582
125.35036851365982,0.9846327042151598
125.44582972050387,0.9846449690804523
125.54129092734787,0.9846572382361615
125.63675213419192,0.9846695109922295
125.73221334103597,0.9846817867493565
125.82767454787998,0.9846940649990534
125.92313575472403,0.9847063453234165
126.01859696156808,0.9847186273946239
126.11405816841209,0.9847309109741677
126.20951937525614,0.984743195911823
126.30498058210019,0.9847554821443681
126.40044178894419,0.98476776969406
126.49590299578824,0.9847800586668785
126.59136420263225,0.9847923492505467
126.6868254094763,0.98480464171234
126.78228661632035,0.9848169363966924
126.87774782316436,0.9848292337226159
126.9732090300084,0.9848415341809383
127.06867023685245,0.9848538383313793
127.16413144369646,0.984866146799469
127.25959265054051,0.9848784602733296
127.35505385738456,0.9848907795003262
127.45051506422857,0.9849031052836038
127.54597627107262,0.9849154384785217
127.64143747791667,0.984927779989
127.73689868476067,0.9849401307637887
127.83235989160472,0.9849524917926751
127.92782109844876,0.9849648641026402
128.02328230529278,0.9849772487539793
128.11874351213683,0.984989646836398
128.21420471898088,0.9850020594650948
128.30966592582487,0.9850144877768473
128.40512713266892,0.9850269329261083
128.50058833951297,0.9850393960811269
128.596049546357,0.9850518784201068
128.69151075320104,0.98506438112741
128.7869719600451,0.9850769053898183
128.8824331668891,0.9850894523928645
128.97789437373314,0.9851020233172386
129.07335558057716,0.9851146193352847
129.1688167874212,0.9851272416075918
129.26427799426526,0.9851398912796914
129.35973920110925,0.9851525694788659
129.4552004079533,0.9851652773110807
129.55066161479735,0.9851780158580403
129.64612282164137,0.9851907861743815
129.74158402848542,0.985203589285004
129.83704523532947,0.9852164261825482
129.93250644217346,0.9852292978250216
130.0279676490175,0.9852422051335801
130.12342885586156,0.9852551489904673
130.21889006270558,0.9852681302371155
130.31435126954963,0.985281149672408
130.40981247639368,0.9852942080511102
130.50527368323768,0.9853073060824654
130.60073489008172,0.9853204444289597
130.69619609692577,0.9853336237052547
130.7916573037698,0.9853468444772883
130.88711851061385,0.9853601072615443
130.9825797174579,0.9853734125244866
131.0780409243019,0.9853867606821585
131.17350213114594,0.9854001520999451
131.26896333799,0.9854135870924964
131.364424544834,0.9854270659238044
131.45988575167806,0.9854405888074368
131.55534695852205,0.9854541559069194
131.6508081653661,0.985467767336262
131.74626937221015,0.9854814231606284
131.84173057905417,0.9854951233971396
131.93719178589822,0.9855088680158088
132.03265299274227,0.9855226569406017
132.12811419958626,0.9855364900506152
132.2235754064303,0.9855503671813699
132.31903661327436,0.9855642881262104
132.41449782011838,0.9855782526378052
132.50995902696243,0.9855922604297396
132.60542023380648,0.985606311178198
132.70088144065048,0.9856204045237249
132.79634264749453,0.9856345400730593
132.89180385433858,0.9856487174010349
132.9872650611826,0.9856629360525405
133.08272626802665,0.9856771955445305
133.1781874748707,0.9856914953680811
133.2736486817147,0.9857058349904836
133.36910988855874,0.985720213857368
133.4645710954028,0.9857346313948494
133.5600323022468,0.9857490870116914
133.65549350909086,0.9857635801014778
133.75095471593488,0.9857781100447877
133.8464159227789,0.9857926762113655
133.94187712962295,0.9858072779622816
134.03733833646697,0.985821914652074
134.13279954331102,0.9858365856308694
134.22826075015507,0.9858512902464722
134.32372195699907,0.9858660278464217
134.41918316384312,0.9858807977800061
134.51464437068717,0.9858955994002342
134.6101055775312,0.9859104320657519
134.70556678437524,0.9859252951427082
134.80102799121926,0.9859401880065588
134.89648919806328,0.9859551100438049
134.99195040490733,0.9859700606536654
135.08741161175138,0.985985039249678
135.1828728185954,0.9860000452612235
135.27833402543945,0.9860150781349735
135.37379523228347,0.9860301373362563
135.4692564391275,0.9860452223503419
135.56471764597154,0.9860603326836378
135.6601788528156,0.9860754678648019
135.7556400596596,0.986090627445764
135.85110126650363,0.9861058110026588
135.94656247334768,0.9861210181366673
136.0420236801917,0.9861362484747673
136.13748488703575,0.9861515016703937
136.2329460938798,0.9861667774040033
136.32840730072382,0.9861820753835531
136.42386850756785,0.9861973953448835
136.51932971441187,0.9862127370520136
136.61479092125592,0.9862281002973476
136.71025212809997,0.9862434849017918
136.805713334944,0.9862588907147867
136.901174541788,0.9862743176142553
136.99663574863206,0.986289765506467
137.09209695547608,0.9863052343258223
137.18755816232013,0.986320724034561
137.28301936916418,0.9863362346223921
137.3784805760082,0.9863517661060545
137.47394178285222,0.9863673185288061
137.56940298969627,0.9863828919598474
137.6648641965403,0.986398486493681
137.76032540338434,0.9864141022494126
137.8557866102284,0.9864297393699942
137.95124781707239,0.9864453980214153
138.04670902391643,0.9864610783918446
138.14217023076048,0.9864767806907262
138.2376314376045,0.9864925051478345
138.33309264444856,0.9865082520122908
138.4285538512926,0.9865240215515454
138.5240150581366,0.9865398140503311
138.61947626498065,0.9865556298095894
138.71493747182467,0.986571469145374
138.81039867866872,0.9865873323877368
138.90585988551277,0.9866032198795992
139.00132109235676,0.9866191319756125
139.0967822992008,0.9866350690410102
139.19224350604486,0.9866510314504596
139.28770471288888,0.9866670195869117
139.38316591973293,0.9866830338404554
139.47862712657698,0.9866990746071795
139.57408833342097,0.9867151422880465
139.66954954026502,0.986731237287778
139.76501074710907,0.9867473600137607
139.8604719539531,0.9867635108749704
139.95593316079714,0.9867796902809195
140.0513943676412,0.9867958986406327
140.1468555744852,0.9868121363616484
140.24231678132924,0.9868284038490549
140.3377779881733,0.9868447015045568
140.4332391950173,0.9868610297255807
140.52870040186136,0.9868773889044153
140.6241616087054,0.9868937794273964
140.7196228155494,0.986910201674128
140.81508402239345,0.9869266560167507
140.9105452292375,0.9869431428192532
141.00600643608152,0.9869596624368311
141.10146764292557,0.9869762152152903
141.19692884976956,0.9869928014905014
141.2923900566136,0.9870094215879011
141.38785126345766,0.9870260758220434
141.48331247030168,0.9870427644962015
141.57877367714573,0.9870594879020194
141.67423488398978,0.9870762463192124
141.76969609083378,0.9870930400153215
141.86515729767783,0.987109869245514
141.96061850452188,0.9871267342524375
142.0560797113659,0.9871436352661197
142.15154091820995,0.9871605725039215
142.247002125054,0.9871775461705334
142.342463331898,0.9871945564580239
142.43792453874204,0.9872116035459294
142.5333857455861,0.9872286876013943
142.6288469524301,0.9872458087793514
142.72430815927416,0.9872629672227466
142.8197693661182,0.9872801630628049
142.9152305729622,0.9872973964193357
143.01069177980625,0.9873146674010769
143.1061529866503,0.9873319761060764
143.20161419349432,0.9873493226221056
143.29707540033837,0.9873667070271097
143.39253660718242,0.9873841293896867
143.48799781402641,0.9874015897695964
143.58345902087046,0.9874190882182969
143.67892022771449,0.9874366247795067
143.77438143455853,0.9874541994897894
143.86984264140258,0.9874718123791606
143.96530384824658,0.9874894634717124
144.06076505509063,0.9875071527862579
144.15622626193468,0.9875248803369875
144.2516874687787,0.9875426461341398
144.34714867562275,0.9875604501846844
144.4426098824668,0.9875782924930103
144.5380710893108,0.9875961730616248
144.63353229615484,0.9876140918918546
144.7289935029989,0.9876320489845497
144.8244547098429,0.9876500443407901
144.91991591668696,0.987668077962588
145.015377123531,0.9876861498535915
145.110838330375,0.9877042600197781
145.20629953721905,0.9877224084701453
145.3017607440631,0.9877405952173929
145.39722195090712,0.9877588202785917
145.49268315775117,0.9877770836758455
145.58814436459522,0.9877953854369352
145.68360557143922,0.9878137255959525
145.77906677828327,0.987832104193914
145.87452798512732,0.9878505212793609
145.96998919197134,0.9878689769089384
146.0654503988154,0.9878874711479559
146.16091160565938,0.987906004070927
146.25637281250343,0.9879245757620867
146.35183401934748,0.9879431863158873
146.4472952261915,0.9879618358374701
146.54275643303555,0.987980524443113
146.6382176398796,0.9879992522606538
146.7336788467236,0.9880180194298864
146.82914005356764,0.9880368261029346
146.9246012604117,0.9880556724445961
147.0200624672557,0.988074558632662
147.11552367409976,0.9880934848582086
147.21098488094378,0.9881124513258636
147.3064460877878,0.9881314582540435
147.40190729463185,0.9881505058751655
147.4973685014759,0.9881695944358322
147.59282970831993,0.9881887241969881
147.68829091516398,0.988207895434053
147.783752122008,0.9882271084370247
147.87921332885202,0.9882463635105599
147.97467453569607,0.9882656609740275
148.07013574254012,0.988285001161537
148.16559694938414,0.9883043844219432
148.26105815622816,0.9883238111188278
148.3565193630722,0.9883432816304554
148.45198056991623,0.9883627963497089
148.54744177676028,0.9883823556840037
148.6429029836043,0.9884019600551792
148.73836419044835,0.988421609899371
148.83382539729237,0.9884413056668642
148.9292866041364,0.9884610478219278
149.02474781098044,0.9884808368426313
149.1202090178245,0.9885006732206459
149.21567022466851,0.9885205574610285
149.31113143151254,0.9885404900819921
149.40659263835659,0.9885604716146623
149.5020538452006,0.988580502602821
149.59751505204466,0.9886005836026379
149.6929762588887,0.9886207151823927
149.78843746573273,0.9886408979221855
149.88389867257675,0.9886611324136407
149.9793598794208,0.988681419259601
150.07482108626482,0.9887017590738157
150.17028229310887,0.9887221524806243
150.26574349995292,0.988742600114632
150.3612047067969,0.9887631026203849
150.45666591364096,0.9887836606520392
150.552127120485,0.9888042748730299
150.64758832732903,0.9888249459557382
150.74304953417308,0.9888456745811567
150.83851074101713,0.9888664614385565
150.93397194786112,0.9888873072251553
151.02943315470517,0.988908212645786
151.1248943615492,0.9889291784125694
151.22035556839324,0.9889502052445882
151.3158167752373,0.9889712938675668
151.4112779820813,0.988992445013553
151.50673918892534,0.9890136594206067
151.6022003957694,0.9890349378324933
151.6976616026134,0.9890562809983816
151.79312280945746,0.9890776896725498
151.8885840163015,0.989099164614097
151.9840452231455,0.9891207065866613
152.07950642998955,0.9891423163581468
152.1749676368336,0.9891639947004555
152.27042884367762,0.9891857423892281
152.36589005052167,0.9892075602035938
152.46135125736572,0.9892294489259251
152.5568124642097,0.9892514093416036
152.65227367105376,0.9892734422387903
152.7477348778978,0.989295548408208
152.84319608474183,0.9893177286429273
152.93865729158588,0.9893399837381638
153.03411849842993,0.9893623144910804
153.12957970527393,0.9893847217005989
153.22504091211798,0.989407206167218
153.32050211896203,0.9894297686928379
153.41596332580605,0.9894524100805924
153.5114245326501,0.9894751311346871
153.6068857394941,0.989497932660244
153.70234694633814,0.9895208154631507
153.7978081531822,0.9895437803499167
153.8932693600262,0.9895668281275325
153.98873056687026,0.9895899596033354
154.0841917737143,0.989613175584877
154.1796529805583,0.9896364768797966
154.27511418740235,0.9896598642956953
154.3705753942464,0.9896833386400139
154.46603660109042,0.9897069007199137
154.56149780793447,0.9897305513421559
154.65695901477852,0.9897542913129842
154.75242022162251,0.9897781214380078
154.84788142846656,0.9898020425220826
154.94334263531061,0.9898260553691927
155.03880384215464,0.9898501607823305
155.13426504899869,0.9898743595633743
155.22972625584273,0.9898986525129642
155.32518746268673,0.9899230404303742
155.42064866953078,0.9899475241133807
155.51610987637483,0.989972104358128
155.61157108321885,0.9899967819589868
155.7070322900629,0.9900215577084103
155.80249349690695,0.9900464323967816
155.89795470375094,0.9900714068122577
155.993415910595,0.9900964817406042
156.088877117439,0.9901216579650243
156.18433832428306,0.9901469362659798
156.2797995311271,0.9901723174210038
156.3752607379711,0.9901978022045042
156.47072194481515,0.9902233913875603
156.5661831516592,0.9902490857377078
156.66164435850322,0.9902748860187147
156.75710556534727,0.9903007929903488
156.85256677219127,0.9903268074081323
156.94802797903532,0.9903529300230884
157.04348918587937,0.9903791615814749
157.1389503927234,0.9904055028245082
157.23441159956744,0.9904319544880759
157.3298728064115,0.990458517302437
157.42533401325548,0.9904851919919114
157.52079522009953,0.9905119792745586
157.61625642694358,0.9905388798618422
157.7117176337876,0.9905658944582854
157.80717884063165,0.9905930237611124
157.9026400474757,0.9906202684598802
157.9981012543197,0.9906476292360964
158.09356246116374,0.9906751067628272
158.1890236680078,0.990702701704293
158.2844848748518,0.9907304147154523
158.37994608169586,0.9907582464415745
158.4754072885399,0.9907861975178023
158.5708684953839,0.9908142685687018
158.66632970222796,0.9908424602078038
158.761790909072,0.9908707730371319
158.85725211591603,0.9908992076467239
158.95271332276008,0.9909277646141401
159.04817452960413,0.9909564445039649
159.14363573644812,0.9909852478672967
159.23909694329217,0.9910141752412314
159.3345581501362,0.9910432271483355
159.43001935698024,0.9910724040961132
159.5254805638243,0.9911017065764639
159.62094177066828,0.9911311350651351
159.71640297751233,0.9911606900211662
159.81186418435638,0.9911903718863282
159.9073253912004,0.9912201810845568
160.00278659804445,0.9912501180213805
160.0982478048885,0.9912801830833459
160.1937090117325,0.9913103766374356
160.28917021857654,0.9913406990304864
160.3846314254206,0.9913711505886026
160.48009263226461,0.9914017316165671
160.57555383910866,0.9914324423972525
160.6710150459527,0.9914632831910287
160.7664762527967,0.9914942542351726
160.86193745964076,0.9915253557432757
160.9573986664848,0.9915565879046548
161.05285987332883,0.991587950883762
161.14832108017288,0.9916194448195977
161.2437822870169,0.9916510698251273
161.33924349386092,0.9916828259866988
161.43470470070497,0.9917147133634661
161.53016590754902,0.9917467319868167
161.62562711439304,0.9917788818598039
161.72108832123706,0.9918111629565847
161.81654952808108,0.9918435752218647
161.91201073492513,0.9918761185703499
162.00747194176918,0.9919087928862048
162.1029331486132,0.9919415980225207
162.19839435545725,0.9919745338007908
162.29385556230127,0.9920076000103959
162.3893167691453,0.9920407964080991
162.48477797598935,0.9920741227175507
162.5802391828334,0.992107578628806
162.67570038967742,0.9921411637978521
162.77116159652144,0.9921748778461476
162.8666228033655,0.9922087203601754
162.9620840102095,0.9922426908910076
163.05754521705356,0.9922767889538846
163.1530064238976,0.9923110140278079
163.24846763074163,0.9923453655551462
163.34392883758565,0.9923798429412589
163.4393900444297,0.9924144455541318
163.53485125127372,0.9924491727240307
163.63031245811777,0.99248402374317
163.72577366496182,0.9925189978653984
163.8212348718058,0.9925540943058999
163.91669607864986,0.992589312240915
164.0121572854939,0.9926246508074751
164.10761849233793,0.9926601091031584
164.20307969918198,0.9926956861858628
164.298540906026,0.9927313810735953
164.39400211287003,0.9927671927442834
164.48946331971408,0.992803120135602
164.5849245265581,0.992839162144822
164.68038573340215,0.9928753176286769
164.7758469402462,0.9929115854032491
164.8713081470902,0.9929479642438761
164.96676935393424,0.9929844528850769
165.0622305607783,0.993021050020498
165.1576917676223,0.9930577543028793
165.25315297446636,0.993094564344041
165.3486141813104,0.9931314787148908
165.4440753881544,0.9931684959454513
165.53953659499845,0.9932056145249074
165.6349978018425,0.9932428329016764
165.73045900868652,0.9932801494834962
165.82592021553057,0.9933175626375361
165.92138142237462,0.9933550706905272
166.01684262921862,0.9933926719289149
166.11230383606267,0.9934303645990301
166.20776504290671,0.9934681469072831
166.30322624975074,0.9935060170203774
166.39868745659479,0.9935439730655432
166.49414866343884,0.9935820131307935
166.58960987028283,0.9936201352651984
166.68507107712688,0.9936583374791821
166.7805322839709,0.9936966177448383
166.87599349081495,0.9937349739962663
166.971454697659,0.9937734041299283
167.066915904503,0.9938119060050248
167.16237711134704,0.9938504774438914
167.2578383181911,0.9938891162324147
167.3532995250351,0.9939278201204667
167.44876073187916,0.9939665868223603
167.5442219387232,0.9940054140173222
167.6396831455672,0.9940442993499865
167.73514435241125,0.9940832404309046
167.8306055592553,0.9941222348370762
167.92606676609932,0.9941612801124966
168.02152797294337,0.9942003737687239
168.11698917978742,0.9942395132854613
168.21245038663142,0.9942786961111599
168.30791159347547,0.9943179196636363
168.40337280031952,0.9943571813307095
168.49883400716354,0.9943964784708526
168.5942952140076,0.9944358084138619
168.68975642085164,0.994475168461542
168.78521762769563,0.994514555888407
168.88067883453968,0.9945539679423966
168.97614004138373,0.9945934018456081
169.07160124822775,0.9946328547950427
169.1670624550718,0.9946723239633675
169.2625236619158,0.99471180649969
169.35798486875984,0.9947512995303486
169.4534460756039,0.994790800159714
169.5489072824479,0.994830305471007
169.64436848929196,0.9948698125271266
169.739829696136,0.9949093183714911
169.83529090298,0.9949488200288922
169.93075210982406,0.9949883145063602
170.0262133166681,0.9950277987940396
170.12167452351213,0.995067269866078
170.21713573035618,0.9951067246815221
170.31259693720023,0.9951461601852276
170.40805814404422,0.9951855733087752
170.50351935088827,0.995224960971399
170.59898055773232,0.9952643200809208
170.69444176457634,0.9953036475346954
170.7899029714204,0.9953429402205621
170.88536417826444,0.9953821950178048
170.98082538510843,0.9954214087981178
171.07628659195248,0.9954605784265805
171.17174779879653,0.995499700762636
171.26720900564055,0.995538772661076
171.3626702124846,0.9955777909730322
171.45813141932865,0.9956167525469709
171.55359262617264,0.9956556542296926
171.6490538330167,0.9956944928673351
171.74451503986072,0.9957332653063806
171.83997624670477,0.995771968394665
171.93543745354881,0.9958105989823892
172.0308986603928,0.9958491539231336
172.12635986723686,0.9958876300748726
172.2218210740809,0.9959260243009902
172.31728228092493,0.9959643334712978
172.41274348776898,0.9960025544630475
172.50820469461303,0.9960406841619511
172.60366590145702,0.9960787194631907
172.69912710830107,0.9961166572724341
172.79458831514512,0.9961544945068439
172.89004952198914,0.9961922280960852
172.9855107288332,0.9962298549833306
173.0809719356772,0.9962673721262606
173.17643314252123,0.9963047764980596
173.27189434936528,0.9963420650884091
173.36735555620933,0.9963792349044722
173.46281676305335,0.9964162829718758
173.5582779698974,0.9964532063356841
173.65373917674142,0.9964900020613665
173.74920038358545,0.9965266672357576
173.8446615904295,0.9965631989680089
173.94012279727355,0.9965995943905342
174.03558400411757,0.9966358506599438
174.1310452109616,0.99667196495797
174.2265064178056,0.9967079344923837
174.32196762464966,0.9967437564978996
174.4174288314937,0.9967794282370711
174.51289003833773,0.9968149470011738
174.60835124518178,0.9968503101110768
174.7038124520258,0.9968855149181023
174.79927365886982,0.9969205588048722
174.89473486571387,0.9969554391861415
174.99019607255792,0.9969901535096184
175.08565727940194,0.9970246992567693
175.18111848624596,0.9970590739436107
175.27657969309,0.9970932751214843
175.37204089993403,0.9971273003778192
175.46750210677808,0.9971611473368753
175.56296331362213,0.9971948136604734
175.65842452046616,0.9972282970487061
175.75388572731018,0.9972615952406336
175.84934693415423,0.9972947060149611
175.94480814099825,0.9973276271906988
176.0402693478423,0.9973603566278035
176.13573055468635,0.9973928922278021
176.23119176153034,0.9974252319343965
176.3266529683744,0.9974573737340477
176.42211417521844,0.9974893156565434
176.51757538206246,0.9975210557755432
176.6130365889065,0.9975525922091049
176.70849779575053,0.9975839231201904
176.80395900259455,0.9976150467171516
176.8994202094386,0.9976459612541946
176.99488141628262,0.9976766650318224
177.09034262312667,0.9977071563972585
177.18580382997072,0.9977374337448467
177.28126503681472,0.9977674955164304
177.37672624365877,0.9977973402017104
177.47218745050282,0.9978269663385799
177.56764865734684,0.9978563725134368
177.6631098641909,0.9978855573614759
177.75857107103494,0.997914519566957
177.85403227787893,0.9979432578634505
177.94949348472298,0.997971771034061
178.04495469156703,0.9980000579116284
178.14041589841105,0.9980281173789056
178.2358771052551,0.9980559483687144
178.33133831209915,0.9980835498640774
178.42679951894314,0.9981109208983282
178.5222607257872,0.9981380605551988
178.61772193263124,0.9981649679688835
178.71318313947526,0.9981916423240806
178.8086443463193,0.9982180828560117
178.90410555316336,0.9982442888504179
178.99956676000735,0.9982702596435342
179.0950279668514,0.9982959946220404
179.19048917369543,0.9983214932229914
179.28595038053948,0.9983467549337238
179.38141158738352,0.9983717792917416
179.47687279422752,0.9983965658845791
179.57233400107157,0.9984211143496438
179.66779520791562,0.9984454243740354
179.76325641475964,0.9984694956943464
179.8587176216037,0.9984933280964399
179.95417882844774,0.9985169214152061
180.04964003529173,0.9985402755343007
180.14510124213578,0.9985633903858607
180.24056244897983,0.9985862659502015
180.33602365582385,0.9986089022554931
180.4314848626679,0.9986312993774196
180.52694606951195,0.9986534574388151
180.62240727635594,0.9986753766092858
180.7178684832,0.9986970571048108
180.81332969004404,0.9987184991873249
180.90879089688806,0.9987397031642848
181.0042521037321,0.9987606693882174
181.09971331057616,0.9987813982562512
181.19517451742016,0.998801890209631
181.2906357242642,0.9988221457332168
181.38609693110826,0.9988421653549672
181.48155813795228,0.9988619496454059
181.57701934479633,0.9988814992170758
181.67248055164032,0.9989008147239764
181.76794175848437,0.9989198968609883
181.86340296532842,0.9989387463632843
181.95886417217244,0.9989573640057264
182.0543253790165,0.9989757506022512
182.14978658586054,0.9989939070052426
182.24524779270453,0.9990118341048921
182.34070899954858,0.99902953282855
182.43617020639263,0.9990470041400628
182.53163141323665,0.9990642490391032
182.6270926200807,0.9990812685604885
182.72255382692475,0.9990980637734902
182.81801503376875,0.9991146357811347
182.9134762406128,0.9991309857194967
